-- ============================================================
-- Migration 020: Analytics screenshot seed data
-- 2 classes for moro.clubbing929@silomails.com, 12 students each,
-- 6 scenarios with realistic varied scores (144 results total)
-- Idempotent: ON CONFLICT DO NOTHING throughout
-- ============================================================

-- ─── Classes ─────────────────────────────────────────────────────────────────

INSERT INTO public.classes (id, teacher_id, name, access_code) VALUES
  ('a0000001-0000-0000-0000-000000000000',
   (SELECT id FROM auth.users WHERE email = 'moro.clubbing929@silomails.com'),
   '3ème A', 'PPE3A1'),
  ('a0000002-0000-0000-0000-000000000000',
   (SELECT id FROM auth.users WHERE email = 'moro.clubbing929@silomails.com'),
   '4ème B', 'PPE4B1')
ON CONFLICT (id) DO NOTHING;


-- ─── Scenario visibility (scenarios 001–006 for both classes) ─────────────────

INSERT INTO public.class_scenario_status (class_id, scenario_id, is_visible) VALUES
  ('a0000001-0000-0000-0000-000000000000','20000000-0000-0000-0000-000000000001',true),
  ('a0000001-0000-0000-0000-000000000000','20000000-0000-0000-0000-000000000002',true),
  ('a0000001-0000-0000-0000-000000000000','20000000-0000-0000-0000-000000000003',true),
  ('a0000001-0000-0000-0000-000000000000','20000000-0000-0000-0000-000000000004',true),
  ('a0000001-0000-0000-0000-000000000000','20000000-0000-0000-0000-000000000005',true),
  ('a0000001-0000-0000-0000-000000000000','20000000-0000-0000-0000-000000000006',true),
  ('a0000002-0000-0000-0000-000000000000','20000000-0000-0000-0000-000000000001',true),
  ('a0000002-0000-0000-0000-000000000000','20000000-0000-0000-0000-000000000002',true),
  ('a0000002-0000-0000-0000-000000000000','20000000-0000-0000-0000-000000000003',true),
  ('a0000002-0000-0000-0000-000000000000','20000000-0000-0000-0000-000000000004',true),
  ('a0000002-0000-0000-0000-000000000000','20000000-0000-0000-0000-000000000005',true),
  ('a0000002-0000-0000-0000-000000000000','20000000-0000-0000-0000-000000000006',true)
ON CONFLICT (class_id, scenario_id) DO NOTHING;


-- ─── Students — Class 1 · 3ème A ──────────────────────────────────────────────

INSERT INTO public.students (id, class_id, name_fr, name_ar, massar_code) VALUES
  ('b1000001-0000-0000-0000-000000000000','a0000001-0000-0000-0000-000000000000','Yassine Mouhali','ياسين موهالي','P3A01'),
  ('b1000002-0000-0000-0000-000000000000','a0000001-0000-0000-0000-000000000000','Fatima Zahra Benali','فاطمة الزهراء بنعلي','P3A02'),
  ('b1000003-0000-0000-0000-000000000000','a0000001-0000-0000-0000-000000000000','Omar El Filali','عمر الفيلالي','P3A03'),
  ('b1000004-0000-0000-0000-000000000000','a0000001-0000-0000-0000-000000000000','Maryam Rachidi','مريم الرشيدي','P3A04'),
  ('b1000005-0000-0000-0000-000000000000','a0000001-0000-0000-0000-000000000000','Abdelkarim Tazi','عبد الكريم تازي','P3A05'),
  ('b1000006-0000-0000-0000-000000000000','a0000001-0000-0000-0000-000000000000','Salma Idrissi','سلمى الإدريسي','P3A06'),
  ('b1000007-0000-0000-0000-000000000000','a0000001-0000-0000-0000-000000000000','Hamza El Amrani','حمزة العمراني','P3A07'),
  ('b1000008-0000-0000-0000-000000000000','a0000001-0000-0000-0000-000000000000','Hajar Mansouri','هاجر المنصوري','P3A08'),
  ('b1000009-0000-0000-0000-000000000000','a0000001-0000-0000-0000-000000000000','Karim Berrada','كريم برادة','P3A09'),
  ('b1000010-0000-0000-0000-000000000000','a0000001-0000-0000-0000-000000000000','Zineb Chaoui','زينب الشاوي','P3A10'),
  ('b1000011-0000-0000-0000-000000000000','a0000001-0000-0000-0000-000000000000','Mehdi Alaoui','مهدي العلوي','P3A11'),
  ('b1000012-0000-0000-0000-000000000000','a0000001-0000-0000-0000-000000000000','Nada Bakkali','ندى البقالي','P3A12')
ON CONFLICT (id) DO NOTHING;


-- ─── Students — Class 2 · 4ème B ──────────────────────────────────────────────

INSERT INTO public.students (id, class_id, name_fr, name_ar, massar_code) VALUES
  ('b2000001-0000-0000-0000-000000000000','a0000002-0000-0000-0000-000000000000','Soufiane Kettani','سفيان القطاني','P4B01'),
  ('b2000002-0000-0000-0000-000000000000','a0000002-0000-0000-0000-000000000000','Imane Zidane','إيمان زيدان','P4B02'),
  ('b2000003-0000-0000-0000-000000000000','a0000002-0000-0000-0000-000000000000','Khalid Rifai','خالد الريفي','P4B03'),
  ('b2000004-0000-0000-0000-000000000000','a0000002-0000-0000-0000-000000000000','Chaima Benomar','شيماء بنعمر','P4B04'),
  ('b2000005-0000-0000-0000-000000000000','a0000002-0000-0000-0000-000000000000','Ayoub Lahlou','أيوب لحلو','P4B05'),
  ('b2000006-0000-0000-0000-000000000000','a0000002-0000-0000-0000-000000000000','Nisrine El Fassi','نسرين الفاسي','P4B06'),
  ('b2000007-0000-0000-0000-000000000000','a0000002-0000-0000-0000-000000000000','Tarik El Ouali','طارق العوالي','P4B07'),
  ('b2000008-0000-0000-0000-000000000000','a0000002-0000-0000-0000-000000000000','Widad Hajjam','وداد حجام','P4B08'),
  ('b2000009-0000-0000-0000-000000000000','a0000002-0000-0000-0000-000000000000','Bilal Kadiri','بلال القادري','P4B09'),
  ('b2000010-0000-0000-0000-000000000000','a0000002-0000-0000-0000-000000000000','Sara Benchekroun','سارة بنشقرون','P4B10'),
  ('b2000011-0000-0000-0000-000000000000','a0000002-0000-0000-0000-000000000000','Othmane Amezian','عثمان أمزيان','P4B11'),
  ('b2000012-0000-0000-0000-000000000000','a0000002-0000-0000-0000-000000000000','Loubna Sebti','لبنى السبتي','P4B12')
ON CONFLICT (id) DO NOTHING;


-- ─── Results — Class 1 · 3ème A ───────────────────────────────────────────────
-- Profile: good phishing/bullying, medium passwords/privacy, weak social, very weak virus
-- Result UUID pattern: f1{SS}0{N}00-0000-0000-0000-000000000000 (SS=student 01-12, N=scenario 1-6)

INSERT INTO public.results (id, student_id, class_id, scenario_id, score, max_score, mistakes, created_at) VALUES

  -- ── Scenario 001 · Phishing · 2026-04-08 · scores [3,2,3,3,2,3,2,3,3,2,3,2] ──
  ('f1010100-0000-0000-0000-000000000000','b1000001-0000-0000-0000-000000000000','a0000001-0000-0000-0000-000000000000','20000000-0000-0000-0000-000000000001',3,3,'{}'::text[],'2026-04-08 09:00:00+00'),
  ('f1020100-0000-0000-0000-000000000000','b1000002-0000-0000-0000-000000000000','a0000001-0000-0000-0000-000000000000','20000000-0000-0000-0000-000000000001',2,3,'{phishing-q2}'::text[],'2026-04-08 09:00:00+00'),
  ('f1030100-0000-0000-0000-000000000000','b1000003-0000-0000-0000-000000000000','a0000001-0000-0000-0000-000000000000','20000000-0000-0000-0000-000000000001',3,3,'{}'::text[],'2026-04-08 09:00:00+00'),
  ('f1040100-0000-0000-0000-000000000000','b1000004-0000-0000-0000-000000000000','a0000001-0000-0000-0000-000000000000','20000000-0000-0000-0000-000000000001',3,3,'{}'::text[],'2026-04-08 09:00:00+00'),
  ('f1050100-0000-0000-0000-000000000000','b1000005-0000-0000-0000-000000000000','a0000001-0000-0000-0000-000000000000','20000000-0000-0000-0000-000000000001',2,3,'{phishing-q3}'::text[],'2026-04-08 09:00:00+00'),
  ('f1060100-0000-0000-0000-000000000000','b1000006-0000-0000-0000-000000000000','a0000001-0000-0000-0000-000000000000','20000000-0000-0000-0000-000000000001',3,3,'{}'::text[],'2026-04-08 09:00:00+00'),
  ('f1070100-0000-0000-0000-000000000000','b1000007-0000-0000-0000-000000000000','a0000001-0000-0000-0000-000000000000','20000000-0000-0000-0000-000000000001',2,3,'{phishing-q2}'::text[],'2026-04-08 09:00:00+00'),
  ('f1080100-0000-0000-0000-000000000000','b1000008-0000-0000-0000-000000000000','a0000001-0000-0000-0000-000000000000','20000000-0000-0000-0000-000000000001',3,3,'{}'::text[],'2026-04-08 09:00:00+00'),
  ('f1090100-0000-0000-0000-000000000000','b1000009-0000-0000-0000-000000000000','a0000001-0000-0000-0000-000000000000','20000000-0000-0000-0000-000000000001',3,3,'{}'::text[],'2026-04-08 09:00:00+00'),
  ('f1100100-0000-0000-0000-000000000000','b1000010-0000-0000-0000-000000000000','a0000001-0000-0000-0000-000000000000','20000000-0000-0000-0000-000000000001',2,3,'{phishing-q3}'::text[],'2026-04-08 09:00:00+00'),
  ('f1110100-0000-0000-0000-000000000000','b1000011-0000-0000-0000-000000000000','a0000001-0000-0000-0000-000000000000','20000000-0000-0000-0000-000000000001',3,3,'{}'::text[],'2026-04-08 09:00:00+00'),
  ('f1120100-0000-0000-0000-000000000000','b1000012-0000-0000-0000-000000000000','a0000001-0000-0000-0000-000000000000','20000000-0000-0000-0000-000000000001',2,3,'{phishing-q2}'::text[],'2026-04-08 09:00:00+00'),

  -- ── Scenario 002 · Mots de passe · 2026-04-15 · scores [2,3,3,2,2,3,2,2,3,2,2,3] ──
  ('f1010200-0000-0000-0000-000000000000','b1000001-0000-0000-0000-000000000000','a0000001-0000-0000-0000-000000000000','20000000-0000-0000-0000-000000000002',2,3,'{passwords-q2}'::text[],'2026-04-15 09:00:00+00'),
  ('f1020200-0000-0000-0000-000000000000','b1000002-0000-0000-0000-000000000000','a0000001-0000-0000-0000-000000000000','20000000-0000-0000-0000-000000000002',3,3,'{}'::text[],'2026-04-15 09:00:00+00'),
  ('f1030200-0000-0000-0000-000000000000','b1000003-0000-0000-0000-000000000000','a0000001-0000-0000-0000-000000000000','20000000-0000-0000-0000-000000000002',3,3,'{}'::text[],'2026-04-15 09:00:00+00'),
  ('f1040200-0000-0000-0000-000000000000','b1000004-0000-0000-0000-000000000000','a0000001-0000-0000-0000-000000000000','20000000-0000-0000-0000-000000000002',2,3,'{passwords-q1}'::text[],'2026-04-15 09:00:00+00'),
  ('f1050200-0000-0000-0000-000000000000','b1000005-0000-0000-0000-000000000000','a0000001-0000-0000-0000-000000000000','20000000-0000-0000-0000-000000000002',2,3,'{passwords-q2}'::text[],'2026-04-15 09:00:00+00'),
  ('f1060200-0000-0000-0000-000000000000','b1000006-0000-0000-0000-000000000000','a0000001-0000-0000-0000-000000000000','20000000-0000-0000-0000-000000000002',3,3,'{}'::text[],'2026-04-15 09:00:00+00'),
  ('f1070200-0000-0000-0000-000000000000','b1000007-0000-0000-0000-000000000000','a0000001-0000-0000-0000-000000000000','20000000-0000-0000-0000-000000000002',2,3,'{passwords-q2}'::text[],'2026-04-15 09:00:00+00'),
  ('f1080200-0000-0000-0000-000000000000','b1000008-0000-0000-0000-000000000000','a0000001-0000-0000-0000-000000000000','20000000-0000-0000-0000-000000000002',2,3,'{passwords-q1}'::text[],'2026-04-15 09:00:00+00'),
  ('f1090200-0000-0000-0000-000000000000','b1000009-0000-0000-0000-000000000000','a0000001-0000-0000-0000-000000000000','20000000-0000-0000-0000-000000000002',3,3,'{}'::text[],'2026-04-15 09:00:00+00'),
  ('f1100200-0000-0000-0000-000000000000','b1000010-0000-0000-0000-000000000000','a0000001-0000-0000-0000-000000000000','20000000-0000-0000-0000-000000000002',2,3,'{passwords-q2}'::text[],'2026-04-15 09:00:00+00'),
  ('f1110200-0000-0000-0000-000000000000','b1000011-0000-0000-0000-000000000000','a0000001-0000-0000-0000-000000000000','20000000-0000-0000-0000-000000000002',2,3,'{passwords-q1}'::text[],'2026-04-15 09:00:00+00'),
  ('f1120200-0000-0000-0000-000000000000','b1000012-0000-0000-0000-000000000000','a0000001-0000-0000-0000-000000000000','20000000-0000-0000-0000-000000000002',3,3,'{}'::text[],'2026-04-15 09:00:00+00'),

  -- ── Scenario 003 · Ingénierie sociale · 2026-04-22 · scores [2,2,1,2,2,1,2,1,2,2,1,2] ──
  ('f1010300-0000-0000-0000-000000000000','b1000001-0000-0000-0000-000000000000','a0000001-0000-0000-0000-000000000000','20000000-0000-0000-0000-000000000003',2,3,'{social-q3}'::text[],'2026-04-22 09:00:00+00'),
  ('f1020300-0000-0000-0000-000000000000','b1000002-0000-0000-0000-000000000000','a0000001-0000-0000-0000-000000000000','20000000-0000-0000-0000-000000000003',2,3,'{social-q2}'::text[],'2026-04-22 09:00:00+00'),
  ('f1030300-0000-0000-0000-000000000000','b1000003-0000-0000-0000-000000000000','a0000001-0000-0000-0000-000000000000','20000000-0000-0000-0000-000000000003',1,3,'{social-q1,social-q3}'::text[],'2026-04-22 09:00:00+00'),
  ('f1040300-0000-0000-0000-000000000000','b1000004-0000-0000-0000-000000000000','a0000001-0000-0000-0000-000000000000','20000000-0000-0000-0000-000000000003',2,3,'{social-q3}'::text[],'2026-04-22 09:00:00+00'),
  ('f1050300-0000-0000-0000-000000000000','b1000005-0000-0000-0000-000000000000','a0000001-0000-0000-0000-000000000000','20000000-0000-0000-0000-000000000003',2,3,'{social-q2}'::text[],'2026-04-22 09:00:00+00'),
  ('f1060300-0000-0000-0000-000000000000','b1000006-0000-0000-0000-000000000000','a0000001-0000-0000-0000-000000000000','20000000-0000-0000-0000-000000000003',1,3,'{social-q2,social-q3}'::text[],'2026-04-22 09:00:00+00'),
  ('f1070300-0000-0000-0000-000000000000','b1000007-0000-0000-0000-000000000000','a0000001-0000-0000-0000-000000000000','20000000-0000-0000-0000-000000000003',2,3,'{social-q3}'::text[],'2026-04-22 09:00:00+00'),
  ('f1080300-0000-0000-0000-000000000000','b1000008-0000-0000-0000-000000000000','a0000001-0000-0000-0000-000000000000','20000000-0000-0000-0000-000000000003',1,3,'{social-q1,social-q2}'::text[],'2026-04-22 09:00:00+00'),
  ('f1090300-0000-0000-0000-000000000000','b1000009-0000-0000-0000-000000000000','a0000001-0000-0000-0000-000000000000','20000000-0000-0000-0000-000000000003',2,3,'{social-q3}'::text[],'2026-04-22 09:00:00+00'),
  ('f1100300-0000-0000-0000-000000000000','b1000010-0000-0000-0000-000000000000','a0000001-0000-0000-0000-000000000000','20000000-0000-0000-0000-000000000003',2,3,'{social-q2}'::text[],'2026-04-22 09:00:00+00'),
  ('f1110300-0000-0000-0000-000000000000','b1000011-0000-0000-0000-000000000000','a0000001-0000-0000-0000-000000000000','20000000-0000-0000-0000-000000000003',1,3,'{social-q1,social-q3}'::text[],'2026-04-22 09:00:00+00'),
  ('f1120300-0000-0000-0000-000000000000','b1000012-0000-0000-0000-000000000000','a0000001-0000-0000-0000-000000000000','20000000-0000-0000-0000-000000000003',2,3,'{social-q3}'::text[],'2026-04-22 09:00:00+00'),

  -- ── Scenario 004 · Cyberharcèlement · 2026-04-29 · scores [3,3,3,3,2,3,3,3,2,3,3,3] ──
  ('f1010400-0000-0000-0000-000000000000','b1000001-0000-0000-0000-000000000000','a0000001-0000-0000-0000-000000000000','20000000-0000-0000-0000-000000000004',3,3,'{}'::text[],'2026-04-29 09:00:00+00'),
  ('f1020400-0000-0000-0000-000000000000','b1000002-0000-0000-0000-000000000000','a0000001-0000-0000-0000-000000000000','20000000-0000-0000-0000-000000000004',3,3,'{}'::text[],'2026-04-29 09:00:00+00'),
  ('f1030400-0000-0000-0000-000000000000','b1000003-0000-0000-0000-000000000000','a0000001-0000-0000-0000-000000000000','20000000-0000-0000-0000-000000000004',3,3,'{}'::text[],'2026-04-29 09:00:00+00'),
  ('f1040400-0000-0000-0000-000000000000','b1000004-0000-0000-0000-000000000000','a0000001-0000-0000-0000-000000000000','20000000-0000-0000-0000-000000000004',3,3,'{}'::text[],'2026-04-29 09:00:00+00'),
  ('f1050400-0000-0000-0000-000000000000','b1000005-0000-0000-0000-000000000000','a0000001-0000-0000-0000-000000000000','20000000-0000-0000-0000-000000000004',2,3,'{bullying-q2}'::text[],'2026-04-29 09:00:00+00'),
  ('f1060400-0000-0000-0000-000000000000','b1000006-0000-0000-0000-000000000000','a0000001-0000-0000-0000-000000000000','20000000-0000-0000-0000-000000000004',3,3,'{}'::text[],'2026-04-29 09:00:00+00'),
  ('f1070400-0000-0000-0000-000000000000','b1000007-0000-0000-0000-000000000000','a0000001-0000-0000-0000-000000000000','20000000-0000-0000-0000-000000000004',3,3,'{}'::text[],'2026-04-29 09:00:00+00'),
  ('f1080400-0000-0000-0000-000000000000','b1000008-0000-0000-0000-000000000000','a0000001-0000-0000-0000-000000000000','20000000-0000-0000-0000-000000000004',3,3,'{}'::text[],'2026-04-29 09:00:00+00'),
  ('f1090400-0000-0000-0000-000000000000','b1000009-0000-0000-0000-000000000000','a0000001-0000-0000-0000-000000000000','20000000-0000-0000-0000-000000000004',2,3,'{bullying-q3}'::text[],'2026-04-29 09:00:00+00'),
  ('f1100400-0000-0000-0000-000000000000','b1000010-0000-0000-0000-000000000000','a0000001-0000-0000-0000-000000000000','20000000-0000-0000-0000-000000000004',3,3,'{}'::text[],'2026-04-29 09:00:00+00'),
  ('f1110400-0000-0000-0000-000000000000','b1000011-0000-0000-0000-000000000000','a0000001-0000-0000-0000-000000000000','20000000-0000-0000-0000-000000000004',3,3,'{}'::text[],'2026-04-29 09:00:00+00'),
  ('f1120400-0000-0000-0000-000000000000','b1000012-0000-0000-0000-000000000000','a0000001-0000-0000-0000-000000000000','20000000-0000-0000-0000-000000000004',3,3,'{}'::text[],'2026-04-29 09:00:00+00'),

  -- ── Scenario 005 · Protection de la vie privée · 2026-05-06 · scores [2,2,3,2,1,2,2,1,2,2,3,2] ──
  ('f1010500-0000-0000-0000-000000000000','b1000001-0000-0000-0000-000000000000','a0000001-0000-0000-0000-000000000000','20000000-0000-0000-0000-000000000005',2,3,'{privacy-q2}'::text[],'2026-05-06 09:00:00+00'),
  ('f1020500-0000-0000-0000-000000000000','b1000002-0000-0000-0000-000000000000','a0000001-0000-0000-0000-000000000000','20000000-0000-0000-0000-000000000005',2,3,'{privacy-q3}'::text[],'2026-05-06 09:00:00+00'),
  ('f1030500-0000-0000-0000-000000000000','b1000003-0000-0000-0000-000000000000','a0000001-0000-0000-0000-000000000000','20000000-0000-0000-0000-000000000005',3,3,'{}'::text[],'2026-05-06 09:00:00+00'),
  ('f1040500-0000-0000-0000-000000000000','b1000004-0000-0000-0000-000000000000','a0000001-0000-0000-0000-000000000000','20000000-0000-0000-0000-000000000005',2,3,'{privacy-q2}'::text[],'2026-05-06 09:00:00+00'),
  ('f1050500-0000-0000-0000-000000000000','b1000005-0000-0000-0000-000000000000','a0000001-0000-0000-0000-000000000000','20000000-0000-0000-0000-000000000005',1,3,'{privacy-q1,privacy-q3}'::text[],'2026-05-06 09:00:00+00'),
  ('f1060500-0000-0000-0000-000000000000','b1000006-0000-0000-0000-000000000000','a0000001-0000-0000-0000-000000000000','20000000-0000-0000-0000-000000000005',2,3,'{privacy-q2}'::text[],'2026-05-06 09:00:00+00'),
  ('f1070500-0000-0000-0000-000000000000','b1000007-0000-0000-0000-000000000000','a0000001-0000-0000-0000-000000000000','20000000-0000-0000-0000-000000000005',2,3,'{privacy-q3}'::text[],'2026-05-06 09:00:00+00'),
  ('f1080500-0000-0000-0000-000000000000','b1000008-0000-0000-0000-000000000000','a0000001-0000-0000-0000-000000000000','20000000-0000-0000-0000-000000000005',1,3,'{privacy-q1,privacy-q2}'::text[],'2026-05-06 09:00:00+00'),
  ('f1090500-0000-0000-0000-000000000000','b1000009-0000-0000-0000-000000000000','a0000001-0000-0000-0000-000000000000','20000000-0000-0000-0000-000000000005',2,3,'{privacy-q2}'::text[],'2026-05-06 09:00:00+00'),
  ('f1100500-0000-0000-0000-000000000000','b1000010-0000-0000-0000-000000000000','a0000001-0000-0000-0000-000000000000','20000000-0000-0000-0000-000000000005',2,3,'{privacy-q3}'::text[],'2026-05-06 09:00:00+00'),
  ('f1110500-0000-0000-0000-000000000000','b1000011-0000-0000-0000-000000000000','a0000001-0000-0000-0000-000000000000','20000000-0000-0000-0000-000000000005',3,3,'{}'::text[],'2026-05-06 09:00:00+00'),
  ('f1120500-0000-0000-0000-000000000000','b1000012-0000-0000-0000-000000000000','a0000001-0000-0000-0000-000000000000','20000000-0000-0000-0000-000000000005',2,3,'{privacy-q2}'::text[],'2026-05-06 09:00:00+00'),

  -- ── Scenario 006 · Virus & Malwares · 2026-05-13 · scores [1,2,1,1,1,0,2,1,1,0,1,1] ──
  ('f1010600-0000-0000-0000-000000000000','b1000001-0000-0000-0000-000000000000','a0000001-0000-0000-0000-000000000000','20000000-0000-0000-0000-000000000006',1,3,'{virus-q2,virus-q3}'::text[],'2026-05-13 09:00:00+00'),
  ('f1020600-0000-0000-0000-000000000000','b1000002-0000-0000-0000-000000000000','a0000001-0000-0000-0000-000000000000','20000000-0000-0000-0000-000000000006',2,3,'{virus-q3}'::text[],'2026-05-13 09:00:00+00'),
  ('f1030600-0000-0000-0000-000000000000','b1000003-0000-0000-0000-000000000000','a0000001-0000-0000-0000-000000000000','20000000-0000-0000-0000-000000000006',1,3,'{virus-q1,virus-q3}'::text[],'2026-05-13 09:00:00+00'),
  ('f1040600-0000-0000-0000-000000000000','b1000004-0000-0000-0000-000000000000','a0000001-0000-0000-0000-000000000000','20000000-0000-0000-0000-000000000006',1,3,'{virus-q2,virus-q3}'::text[],'2026-05-13 09:00:00+00'),
  ('f1050600-0000-0000-0000-000000000000','b1000005-0000-0000-0000-000000000000','a0000001-0000-0000-0000-000000000000','20000000-0000-0000-0000-000000000006',1,3,'{virus-q1,virus-q2}'::text[],'2026-05-13 09:00:00+00'),
  ('f1060600-0000-0000-0000-000000000000','b1000006-0000-0000-0000-000000000000','a0000001-0000-0000-0000-000000000000','20000000-0000-0000-0000-000000000006',0,3,'{virus-q1,virus-q2,virus-q3}'::text[],'2026-05-13 09:00:00+00'),
  ('f1070600-0000-0000-0000-000000000000','b1000007-0000-0000-0000-000000000000','a0000001-0000-0000-0000-000000000000','20000000-0000-0000-0000-000000000006',2,3,'{virus-q2}'::text[],'2026-05-13 09:00:00+00'),
  ('f1080600-0000-0000-0000-000000000000','b1000008-0000-0000-0000-000000000000','a0000001-0000-0000-0000-000000000000','20000000-0000-0000-0000-000000000006',1,3,'{virus-q1,virus-q3}'::text[],'2026-05-13 09:00:00+00'),
  ('f1090600-0000-0000-0000-000000000000','b1000009-0000-0000-0000-000000000000','a0000001-0000-0000-0000-000000000000','20000000-0000-0000-0000-000000000006',1,3,'{virus-q2,virus-q3}'::text[],'2026-05-13 09:00:00+00'),
  ('f1100600-0000-0000-0000-000000000000','b1000010-0000-0000-0000-000000000000','a0000001-0000-0000-0000-000000000000','20000000-0000-0000-0000-000000000006',0,3,'{virus-q1,virus-q2,virus-q3}'::text[],'2026-05-13 09:00:00+00'),
  ('f1110600-0000-0000-0000-000000000000','b1000011-0000-0000-0000-000000000000','a0000001-0000-0000-0000-000000000000','20000000-0000-0000-0000-000000000006',1,3,'{virus-q2,virus-q3}'::text[],'2026-05-13 09:00:00+00'),
  ('f1120600-0000-0000-0000-000000000000','b1000012-0000-0000-0000-000000000000','a0000001-0000-0000-0000-000000000000','20000000-0000-0000-0000-000000000006',1,3,'{virus-q1,virus-q2}'::text[],'2026-05-13 09:00:00+00')

ON CONFLICT (id) DO NOTHING;


-- ─── Results — Class 2 · 4ème B ───────────────────────────────────────────────
-- Profile: strong overall, excellent phishing/bullying, medium-good others, weakest on virus

INSERT INTO public.results (id, student_id, class_id, scenario_id, score, max_score, mistakes, created_at) VALUES

  -- ── Scenario 001 · Phishing · 2026-04-10 · scores [3,3,3,3,3,2,3,3,3,3,2,3] ──
  ('f2010100-0000-0000-0000-000000000000','b2000001-0000-0000-0000-000000000000','a0000002-0000-0000-0000-000000000000','20000000-0000-0000-0000-000000000001',3,3,'{}'::text[],'2026-04-10 10:00:00+00'),
  ('f2020100-0000-0000-0000-000000000000','b2000002-0000-0000-0000-000000000000','a0000002-0000-0000-0000-000000000000','20000000-0000-0000-0000-000000000001',3,3,'{}'::text[],'2026-04-10 10:00:00+00'),
  ('f2030100-0000-0000-0000-000000000000','b2000003-0000-0000-0000-000000000000','a0000002-0000-0000-0000-000000000000','20000000-0000-0000-0000-000000000001',3,3,'{}'::text[],'2026-04-10 10:00:00+00'),
  ('f2040100-0000-0000-0000-000000000000','b2000004-0000-0000-0000-000000000000','a0000002-0000-0000-0000-000000000000','20000000-0000-0000-0000-000000000001',3,3,'{}'::text[],'2026-04-10 10:00:00+00'),
  ('f2050100-0000-0000-0000-000000000000','b2000005-0000-0000-0000-000000000000','a0000002-0000-0000-0000-000000000000','20000000-0000-0000-0000-000000000001',3,3,'{}'::text[],'2026-04-10 10:00:00+00'),
  ('f2060100-0000-0000-0000-000000000000','b2000006-0000-0000-0000-000000000000','a0000002-0000-0000-0000-000000000000','20000000-0000-0000-0000-000000000001',2,3,'{phishing-q2}'::text[],'2026-04-10 10:00:00+00'),
  ('f2070100-0000-0000-0000-000000000000','b2000007-0000-0000-0000-000000000000','a0000002-0000-0000-0000-000000000000','20000000-0000-0000-0000-000000000001',3,3,'{}'::text[],'2026-04-10 10:00:00+00'),
  ('f2080100-0000-0000-0000-000000000000','b2000008-0000-0000-0000-000000000000','a0000002-0000-0000-0000-000000000000','20000000-0000-0000-0000-000000000001',3,3,'{}'::text[],'2026-04-10 10:00:00+00'),
  ('f2090100-0000-0000-0000-000000000000','b2000009-0000-0000-0000-000000000000','a0000002-0000-0000-0000-000000000000','20000000-0000-0000-0000-000000000001',3,3,'{}'::text[],'2026-04-10 10:00:00+00'),
  ('f2100100-0000-0000-0000-000000000000','b2000010-0000-0000-0000-000000000000','a0000002-0000-0000-0000-000000000000','20000000-0000-0000-0000-000000000001',3,3,'{}'::text[],'2026-04-10 10:00:00+00'),
  ('f2110100-0000-0000-0000-000000000000','b2000011-0000-0000-0000-000000000000','a0000002-0000-0000-0000-000000000000','20000000-0000-0000-0000-000000000001',2,3,'{phishing-q3}'::text[],'2026-04-10 10:00:00+00'),
  ('f2120100-0000-0000-0000-000000000000','b2000012-0000-0000-0000-000000000000','a0000002-0000-0000-0000-000000000000','20000000-0000-0000-0000-000000000001',3,3,'{}'::text[],'2026-04-10 10:00:00+00'),

  -- ── Scenario 002 · Mots de passe · 2026-04-17 · scores [3,3,2,3,3,2,3,3,2,3,3,2] ──
  ('f2010200-0000-0000-0000-000000000000','b2000001-0000-0000-0000-000000000000','a0000002-0000-0000-0000-000000000000','20000000-0000-0000-0000-000000000002',3,3,'{}'::text[],'2026-04-17 10:00:00+00'),
  ('f2020200-0000-0000-0000-000000000000','b2000002-0000-0000-0000-000000000000','a0000002-0000-0000-0000-000000000000','20000000-0000-0000-0000-000000000002',3,3,'{}'::text[],'2026-04-17 10:00:00+00'),
  ('f2030200-0000-0000-0000-000000000000','b2000003-0000-0000-0000-000000000000','a0000002-0000-0000-0000-000000000000','20000000-0000-0000-0000-000000000002',2,3,'{passwords-q1}'::text[],'2026-04-17 10:00:00+00'),
  ('f2040200-0000-0000-0000-000000000000','b2000004-0000-0000-0000-000000000000','a0000002-0000-0000-0000-000000000000','20000000-0000-0000-0000-000000000002',3,3,'{}'::text[],'2026-04-17 10:00:00+00'),
  ('f2050200-0000-0000-0000-000000000000','b2000005-0000-0000-0000-000000000000','a0000002-0000-0000-0000-000000000000','20000000-0000-0000-0000-000000000002',3,3,'{}'::text[],'2026-04-17 10:00:00+00'),
  ('f2060200-0000-0000-0000-000000000000','b2000006-0000-0000-0000-000000000000','a0000002-0000-0000-0000-000000000000','20000000-0000-0000-0000-000000000002',2,3,'{passwords-q2}'::text[],'2026-04-17 10:00:00+00'),
  ('f2070200-0000-0000-0000-000000000000','b2000007-0000-0000-0000-000000000000','a0000002-0000-0000-0000-000000000000','20000000-0000-0000-0000-000000000002',3,3,'{}'::text[],'2026-04-17 10:00:00+00'),
  ('f2080200-0000-0000-0000-000000000000','b2000008-0000-0000-0000-000000000000','a0000002-0000-0000-0000-000000000000','20000000-0000-0000-0000-000000000002',3,3,'{}'::text[],'2026-04-17 10:00:00+00'),
  ('f2090200-0000-0000-0000-000000000000','b2000009-0000-0000-0000-000000000000','a0000002-0000-0000-0000-000000000000','20000000-0000-0000-0000-000000000002',2,3,'{passwords-q1}'::text[],'2026-04-17 10:00:00+00'),
  ('f2100200-0000-0000-0000-000000000000','b2000010-0000-0000-0000-000000000000','a0000002-0000-0000-0000-000000000000','20000000-0000-0000-0000-000000000002',3,3,'{}'::text[],'2026-04-17 10:00:00+00'),
  ('f2110200-0000-0000-0000-000000000000','b2000011-0000-0000-0000-000000000000','a0000002-0000-0000-0000-000000000000','20000000-0000-0000-0000-000000000002',3,3,'{}'::text[],'2026-04-17 10:00:00+00'),
  ('f2120200-0000-0000-0000-000000000000','b2000012-0000-0000-0000-000000000000','a0000002-0000-0000-0000-000000000000','20000000-0000-0000-0000-000000000002',2,3,'{passwords-q2}'::text[],'2026-04-17 10:00:00+00'),

  -- ── Scenario 003 · Ingénierie sociale · 2026-04-24 · scores [2,3,2,2,3,2,2,3,2,2,3,2] ──
  ('f2010300-0000-0000-0000-000000000000','b2000001-0000-0000-0000-000000000000','a0000002-0000-0000-0000-000000000000','20000000-0000-0000-0000-000000000003',2,3,'{social-q2}'::text[],'2026-04-24 10:00:00+00'),
  ('f2020300-0000-0000-0000-000000000000','b2000002-0000-0000-0000-000000000000','a0000002-0000-0000-0000-000000000000','20000000-0000-0000-0000-000000000003',3,3,'{}'::text[],'2026-04-24 10:00:00+00'),
  ('f2030300-0000-0000-0000-000000000000','b2000003-0000-0000-0000-000000000000','a0000002-0000-0000-0000-000000000000','20000000-0000-0000-0000-000000000003',2,3,'{social-q3}'::text[],'2026-04-24 10:00:00+00'),
  ('f2040300-0000-0000-0000-000000000000','b2000004-0000-0000-0000-000000000000','a0000002-0000-0000-0000-000000000000','20000000-0000-0000-0000-000000000003',2,3,'{social-q2}'::text[],'2026-04-24 10:00:00+00'),
  ('f2050300-0000-0000-0000-000000000000','b2000005-0000-0000-0000-000000000000','a0000002-0000-0000-0000-000000000000','20000000-0000-0000-0000-000000000003',3,3,'{}'::text[],'2026-04-24 10:00:00+00'),
  ('f2060300-0000-0000-0000-000000000000','b2000006-0000-0000-0000-000000000000','a0000002-0000-0000-0000-000000000000','20000000-0000-0000-0000-000000000003',2,3,'{social-q3}'::text[],'2026-04-24 10:00:00+00'),
  ('f2070300-0000-0000-0000-000000000000','b2000007-0000-0000-0000-000000000000','a0000002-0000-0000-0000-000000000000','20000000-0000-0000-0000-000000000003',2,3,'{social-q2}'::text[],'2026-04-24 10:00:00+00'),
  ('f2080300-0000-0000-0000-000000000000','b2000008-0000-0000-0000-000000000000','a0000002-0000-0000-0000-000000000000','20000000-0000-0000-0000-000000000003',3,3,'{}'::text[],'2026-04-24 10:00:00+00'),
  ('f2090300-0000-0000-0000-000000000000','b2000009-0000-0000-0000-000000000000','a0000002-0000-0000-0000-000000000000','20000000-0000-0000-0000-000000000003',2,3,'{social-q3}'::text[],'2026-04-24 10:00:00+00'),
  ('f2100300-0000-0000-0000-000000000000','b2000010-0000-0000-0000-000000000000','a0000002-0000-0000-0000-000000000000','20000000-0000-0000-0000-000000000003',2,3,'{social-q2}'::text[],'2026-04-24 10:00:00+00'),
  ('f2110300-0000-0000-0000-000000000000','b2000011-0000-0000-0000-000000000000','a0000002-0000-0000-0000-000000000000','20000000-0000-0000-0000-000000000003',3,3,'{}'::text[],'2026-04-24 10:00:00+00'),
  ('f2120300-0000-0000-0000-000000000000','b2000012-0000-0000-0000-000000000000','a0000002-0000-0000-0000-000000000000','20000000-0000-0000-0000-000000000003',2,3,'{social-q3}'::text[],'2026-04-24 10:00:00+00'),

  -- ── Scenario 004 · Cyberharcèlement · 2026-05-01 · scores [3,3,3,3,3,3,3,2,3,3,3,3] ──
  ('f2010400-0000-0000-0000-000000000000','b2000001-0000-0000-0000-000000000000','a0000002-0000-0000-0000-000000000000','20000000-0000-0000-0000-000000000004',3,3,'{}'::text[],'2026-05-01 10:00:00+00'),
  ('f2020400-0000-0000-0000-000000000000','b2000002-0000-0000-0000-000000000000','a0000002-0000-0000-0000-000000000000','20000000-0000-0000-0000-000000000004',3,3,'{}'::text[],'2026-05-01 10:00:00+00'),
  ('f2030400-0000-0000-0000-000000000000','b2000003-0000-0000-0000-000000000000','a0000002-0000-0000-0000-000000000000','20000000-0000-0000-0000-000000000004',3,3,'{}'::text[],'2026-05-01 10:00:00+00'),
  ('f2040400-0000-0000-0000-000000000000','b2000004-0000-0000-0000-000000000000','a0000002-0000-0000-0000-000000000000','20000000-0000-0000-0000-000000000004',3,3,'{}'::text[],'2026-05-01 10:00:00+00'),
  ('f2050400-0000-0000-0000-000000000000','b2000005-0000-0000-0000-000000000000','a0000002-0000-0000-0000-000000000000','20000000-0000-0000-0000-000000000004',3,3,'{}'::text[],'2026-05-01 10:00:00+00'),
  ('f2060400-0000-0000-0000-000000000000','b2000006-0000-0000-0000-000000000000','a0000002-0000-0000-0000-000000000000','20000000-0000-0000-0000-000000000004',3,3,'{}'::text[],'2026-05-01 10:00:00+00'),
  ('f2070400-0000-0000-0000-000000000000','b2000007-0000-0000-0000-000000000000','a0000002-0000-0000-0000-000000000000','20000000-0000-0000-0000-000000000004',3,3,'{}'::text[],'2026-05-01 10:00:00+00'),
  ('f2080400-0000-0000-0000-000000000000','b2000008-0000-0000-0000-000000000000','a0000002-0000-0000-0000-000000000000','20000000-0000-0000-0000-000000000004',2,3,'{bullying-q2}'::text[],'2026-05-01 10:00:00+00'),
  ('f2090400-0000-0000-0000-000000000000','b2000009-0000-0000-0000-000000000000','a0000002-0000-0000-0000-000000000000','20000000-0000-0000-0000-000000000004',3,3,'{}'::text[],'2026-05-01 10:00:00+00'),
  ('f2100400-0000-0000-0000-000000000000','b2000010-0000-0000-0000-000000000000','a0000002-0000-0000-0000-000000000000','20000000-0000-0000-0000-000000000004',3,3,'{}'::text[],'2026-05-01 10:00:00+00'),
  ('f2110400-0000-0000-0000-000000000000','b2000011-0000-0000-0000-000000000000','a0000002-0000-0000-0000-000000000000','20000000-0000-0000-0000-000000000004',3,3,'{}'::text[],'2026-05-01 10:00:00+00'),
  ('f2120400-0000-0000-0000-000000000000','b2000012-0000-0000-0000-000000000000','a0000002-0000-0000-0000-000000000000','20000000-0000-0000-0000-000000000004',3,3,'{}'::text[],'2026-05-01 10:00:00+00'),

  -- ── Scenario 005 · Protection de la vie privée · 2026-05-08 · scores [3,2,3,2,3,3,2,3,2,3,2,3] ──
  ('f2010500-0000-0000-0000-000000000000','b2000001-0000-0000-0000-000000000000','a0000002-0000-0000-0000-000000000000','20000000-0000-0000-0000-000000000005',3,3,'{}'::text[],'2026-05-08 10:00:00+00'),
  ('f2020500-0000-0000-0000-000000000000','b2000002-0000-0000-0000-000000000000','a0000002-0000-0000-0000-000000000000','20000000-0000-0000-0000-000000000005',2,3,'{privacy-q3}'::text[],'2026-05-08 10:00:00+00'),
  ('f2030500-0000-0000-0000-000000000000','b2000003-0000-0000-0000-000000000000','a0000002-0000-0000-0000-000000000000','20000000-0000-0000-0000-000000000005',3,3,'{}'::text[],'2026-05-08 10:00:00+00'),
  ('f2040500-0000-0000-0000-000000000000','b2000004-0000-0000-0000-000000000000','a0000002-0000-0000-0000-000000000000','20000000-0000-0000-0000-000000000005',2,3,'{privacy-q2}'::text[],'2026-05-08 10:00:00+00'),
  ('f2050500-0000-0000-0000-000000000000','b2000005-0000-0000-0000-000000000000','a0000002-0000-0000-0000-000000000000','20000000-0000-0000-0000-000000000005',3,3,'{}'::text[],'2026-05-08 10:00:00+00'),
  ('f2060500-0000-0000-0000-000000000000','b2000006-0000-0000-0000-000000000000','a0000002-0000-0000-0000-000000000000','20000000-0000-0000-0000-000000000005',3,3,'{}'::text[],'2026-05-08 10:00:00+00'),
  ('f2070500-0000-0000-0000-000000000000','b2000007-0000-0000-0000-000000000000','a0000002-0000-0000-0000-000000000000','20000000-0000-0000-0000-000000000005',2,3,'{privacy-q3}'::text[],'2026-05-08 10:00:00+00'),
  ('f2080500-0000-0000-0000-000000000000','b2000008-0000-0000-0000-000000000000','a0000002-0000-0000-0000-000000000000','20000000-0000-0000-0000-000000000005',3,3,'{}'::text[],'2026-05-08 10:00:00+00'),
  ('f2090500-0000-0000-0000-000000000000','b2000009-0000-0000-0000-000000000000','a0000002-0000-0000-0000-000000000000','20000000-0000-0000-0000-000000000005',2,3,'{privacy-q2}'::text[],'2026-05-08 10:00:00+00'),
  ('f2100500-0000-0000-0000-000000000000','b2000010-0000-0000-0000-000000000000','a0000002-0000-0000-0000-000000000000','20000000-0000-0000-0000-000000000005',3,3,'{}'::text[],'2026-05-08 10:00:00+00'),
  ('f2110500-0000-0000-0000-000000000000','b2000011-0000-0000-0000-000000000000','a0000002-0000-0000-0000-000000000000','20000000-0000-0000-0000-000000000005',2,3,'{privacy-q3}'::text[],'2026-05-08 10:00:00+00'),
  ('f2120500-0000-0000-0000-000000000000','b2000012-0000-0000-0000-000000000000','a0000002-0000-0000-0000-000000000000','20000000-0000-0000-0000-000000000005',3,3,'{}'::text[],'2026-05-08 10:00:00+00'),

  -- ── Scenario 006 · Virus & Malwares · 2026-05-15 · scores [2,1,2,2,1,2,2,1,2,1,2,1] ──
  ('f2010600-0000-0000-0000-000000000000','b2000001-0000-0000-0000-000000000000','a0000002-0000-0000-0000-000000000000','20000000-0000-0000-0000-000000000006',2,3,'{virus-q3}'::text[],'2026-05-15 10:00:00+00'),
  ('f2020600-0000-0000-0000-000000000000','b2000002-0000-0000-0000-000000000000','a0000002-0000-0000-0000-000000000000','20000000-0000-0000-0000-000000000006',1,3,'{virus-q2,virus-q3}'::text[],'2026-05-15 10:00:00+00'),
  ('f2030600-0000-0000-0000-000000000000','b2000003-0000-0000-0000-000000000000','a0000002-0000-0000-0000-000000000000','20000000-0000-0000-0000-000000000006',2,3,'{virus-q2}'::text[],'2026-05-15 10:00:00+00'),
  ('f2040600-0000-0000-0000-000000000000','b2000004-0000-0000-0000-000000000000','a0000002-0000-0000-0000-000000000000','20000000-0000-0000-0000-000000000006',2,3,'{virus-q3}'::text[],'2026-05-15 10:00:00+00'),
  ('f2050600-0000-0000-0000-000000000000','b2000005-0000-0000-0000-000000000000','a0000002-0000-0000-0000-000000000000','20000000-0000-0000-0000-000000000006',1,3,'{virus-q1,virus-q3}'::text[],'2026-05-15 10:00:00+00'),
  ('f2060600-0000-0000-0000-000000000000','b2000006-0000-0000-0000-000000000000','a0000002-0000-0000-0000-000000000000','20000000-0000-0000-0000-000000000006',2,3,'{virus-q2}'::text[],'2026-05-15 10:00:00+00'),
  ('f2070600-0000-0000-0000-000000000000','b2000007-0000-0000-0000-000000000000','a0000002-0000-0000-0000-000000000000','20000000-0000-0000-0000-000000000006',2,3,'{virus-q3}'::text[],'2026-05-15 10:00:00+00'),
  ('f2080600-0000-0000-0000-000000000000','b2000008-0000-0000-0000-000000000000','a0000002-0000-0000-0000-000000000000','20000000-0000-0000-0000-000000000006',1,3,'{virus-q1,virus-q2}'::text[],'2026-05-15 10:00:00+00'),
  ('f2090600-0000-0000-0000-000000000000','b2000009-0000-0000-0000-000000000000','a0000002-0000-0000-0000-000000000000','20000000-0000-0000-0000-000000000006',2,3,'{virus-q2}'::text[],'2026-05-15 10:00:00+00'),
  ('f2100600-0000-0000-0000-000000000000','b2000010-0000-0000-0000-000000000000','a0000002-0000-0000-0000-000000000000','20000000-0000-0000-0000-000000000006',1,3,'{virus-q2,virus-q3}'::text[],'2026-05-15 10:00:00+00'),
  ('f2110600-0000-0000-0000-000000000000','b2000011-0000-0000-0000-000000000000','a0000002-0000-0000-0000-000000000000','20000000-0000-0000-0000-000000000006',2,3,'{virus-q3}'::text[],'2026-05-15 10:00:00+00'),
  ('f2120600-0000-0000-0000-000000000000','b2000012-0000-0000-0000-000000000000','a0000002-0000-0000-0000-000000000000','20000000-0000-0000-0000-000000000006',1,3,'{virus-q1,virus-q3}'::text[],'2026-05-15 10:00:00+00')

ON CONFLICT (id) DO NOTHING;
